"","species","entrez_id","pathway_id","pathway_name","gene_symbol"
"1","hsa","102723532","path:hsa04740","Olfactory transduction","LOC102723532"
"2","hsa","105369274","path:hsa04740","Olfactory transduction","OR4N4C"
"3","hsa","10798","path:hsa04740","Olfactory transduction","OR5I1"
"4","hsa","107987545","path:hsa04740","Olfactory transduction","LOC107987545"
"5","hsa","109","path:hsa04740","Olfactory transduction","ADCY3"
"6","hsa","112268384","path:hsa04740","Olfactory transduction","LOC112268384"
"7","hsa","119678","path:hsa04740","Olfactory transduction","OR52E2"
"8","hsa","119679","path:hsa04740","Olfactory transduction","OR52J3"
"9","hsa","119682","path:hsa04740","Olfactory transduction","OR51L1"
"10","hsa","119687","path:hsa04740","Olfactory transduction","OR51A7"
"11","hsa","119692","path:hsa04740","Olfactory transduction","OR51S1"
"12","hsa","119694","path:hsa04740","Olfactory transduction","OR51F2"
"13","hsa","119695","path:hsa04740","Olfactory transduction","OR52R1"
"14","hsa","119749","path:hsa04740","Olfactory transduction","OR4C46"
"15","hsa","119764","path:hsa04740","Olfactory transduction","OR4X2"
"16","hsa","119765","path:hsa04740","Olfactory transduction","OR4B1"
"17","hsa","119772","path:hsa04740","Olfactory transduction","OR52M1"
"18","hsa","119774","path:hsa04740","Olfactory transduction","OR52K2"
"19","hsa","120065","path:hsa04740","Olfactory transduction","OR5P2"
"20","hsa","120066","path:hsa04740","Olfactory transduction","OR5P3"
"21","hsa","120586","path:hsa04740","Olfactory transduction","OR8I2"
"22","hsa","120775","path:hsa04740","Olfactory transduction","OR2D3"
"23","hsa","120776","path:hsa04740","Olfactory transduction","OR2D2"
"24","hsa","120787","path:hsa04740","Olfactory transduction","OR52W1"
"25","hsa","120793","path:hsa04740","Olfactory transduction","OR56A4"
"26","hsa","120796","path:hsa04740","Olfactory transduction","OR56A1"
"27","hsa","121129","path:hsa04740","Olfactory transduction","OR2AP1"
"28","hsa","121130","path:hsa04740","Olfactory transduction","OR10P1"
"29","hsa","121275","path:hsa04740","Olfactory transduction","OR10AD1"
"30","hsa","121364","path:hsa04740","Olfactory transduction","OR10A7"
"31","hsa","122740","path:hsa04740","Olfactory transduction","OR4K14"
"32","hsa","122742","path:hsa04740","Olfactory transduction","OR4L1"
"33","hsa","122748","path:hsa04740","Olfactory transduction","OR11H6"
"34","hsa","123041","path:hsa04740","Olfactory transduction","SLC24A4"
"35","hsa","124538","path:hsa04740","Olfactory transduction","OR4D2"
"36","hsa","1258","path:hsa04740","Olfactory transduction","CNGB1"
"37","hsa","125958","path:hsa04740","Olfactory transduction","OR7D4"
"38","hsa","125962","path:hsa04740","Olfactory transduction","OR7G1"
"39","hsa","125963","path:hsa04740","Olfactory transduction","OR1M1"
"40","hsa","1260","path:hsa04740","Olfactory transduction","CNGA2"
"41","hsa","1261","path:hsa04740","Olfactory transduction","CNGA3"
"42","hsa","1262","path:hsa04740","Olfactory transduction","CNGA4"
"43","hsa","126370","path:hsa04740","Olfactory transduction","OR1I1"
"44","hsa","126541","path:hsa04740","Olfactory transduction","OR10H4"
"45","hsa","127059","path:hsa04740","Olfactory transduction","OR2M5"
"46","hsa","127062","path:hsa04740","Olfactory transduction","OR2M3"
"47","hsa","127064","path:hsa04740","Olfactory transduction","OR2T12"
"48","hsa","127066","path:hsa04740","Olfactory transduction","OR14C36"
"49","hsa","127068","path:hsa04740","Olfactory transduction","OR2T34"
"50","hsa","127069","path:hsa04740","Olfactory transduction","OR2T10"
"51","hsa","127074","path:hsa04740","Olfactory transduction","OR2T4"
"52","hsa","127077","path:hsa04740","Olfactory transduction","OR2T11"
"53","hsa","127385","path:hsa04740","Olfactory transduction","OR10J5"
"54","hsa","127608","path:hsa04740","Olfactory transduction","OR2AJ1"
"55","hsa","127623","path:hsa04740","Olfactory transduction","OR2B11"
"56","hsa","128360","path:hsa04740","Olfactory transduction","OR10T2"
"57","hsa","128366","path:hsa04740","Olfactory transduction","OR6P1"
"58","hsa","128367","path:hsa04740","Olfactory transduction","OR10X1"
"59","hsa","128368","path:hsa04740","Olfactory transduction","OR10Z1"
"60","hsa","128371","path:hsa04740","Olfactory transduction","OR6K6"
"61","hsa","128372","path:hsa04740","Olfactory transduction","OR6N1"
"62","hsa","130075","path:hsa04740","Olfactory transduction","OR9A4"
"63","hsa","134083","path:hsa04740","Olfactory transduction","OR2Y1"
"64","hsa","135924","path:hsa04740","Olfactory transduction","OR9A2"
"65","hsa","135941","path:hsa04740","Olfactory transduction","OR2A14"
"66","hsa","135946","path:hsa04740","Olfactory transduction","OR6B1"
"67","hsa","135948","path:hsa04740","Olfactory transduction","OR2F2"
"68","hsa","138799","path:hsa04740","Olfactory transduction","OR13C5"
"69","hsa","138802","path:hsa04740","Olfactory transduction","OR13C8"
"70","hsa","138803","path:hsa04740","Olfactory transduction","OR13C3"
"71","hsa","138804","path:hsa04740","Olfactory transduction","OR13C4"
"72","hsa","138805","path:hsa04740","Olfactory transduction","OR13F1"
"73","hsa","138881","path:hsa04740","Olfactory transduction","OR1L8"
"74","hsa","138882","path:hsa04740","Olfactory transduction","OR1N2"
"75","hsa","138883","path:hsa04740","Olfactory transduction","OR1N1"
"76","hsa","143496","path:hsa04740","Olfactory transduction","OR52B4"
"77","hsa","143502","path:hsa04740","Olfactory transduction","OR52I2"
"78","hsa","143503","path:hsa04740","Olfactory transduction","OR51E1"
"79","hsa","144124","path:hsa04740","Olfactory transduction","OR10A5"
"80","hsa","144125","path:hsa04740","Olfactory transduction","OR2AG1"
"81","hsa","150681","path:hsa04740","Olfactory transduction","OR6B3"
"82","hsa","156","path:hsa04740","Olfactory transduction","GRK2"
"83","hsa","157","path:hsa04740","Olfactory transduction","GRK3"
"84","hsa","158131","path:hsa04740","Olfactory transduction","OR1Q1"
"85","hsa","162998","path:hsa04740","Olfactory transduction","OR7D2"
"86","hsa","163688","path:hsa04740","Olfactory transduction","CALML6"
"87","hsa","196335","path:hsa04740","Olfactory transduction","OR56B4"
"88","hsa","219417","path:hsa04740","Olfactory transduction","OR8U1"
"89","hsa","219428","path:hsa04740","Olfactory transduction","OR4C16"
"90","hsa","219429","path:hsa04740","Olfactory transduction","OR4C11"
"91","hsa","219431","path:hsa04740","Olfactory transduction","OR4S2"
"92","hsa","219432","path:hsa04740","Olfactory transduction","OR4C6"
"93","hsa","219436","path:hsa04740","Olfactory transduction","OR5D14"
"94","hsa","219437","path:hsa04740","Olfactory transduction","OR5L1"
"95","hsa","219438","path:hsa04740","Olfactory transduction","OR5D18"
"96","hsa","219447","path:hsa04740","Olfactory transduction","OR5AS1"
"97","hsa","219453","path:hsa04740","Olfactory transduction","OR8K5"
"98","hsa","219464","path:hsa04740","Olfactory transduction","OR5T2"
"99","hsa","219469","path:hsa04740","Olfactory transduction","OR8H1"
"100","hsa","219473","path:hsa04740","Olfactory transduction","OR8K3"
"101","hsa","219477","path:hsa04740","Olfactory transduction","OR8J1"
"102","hsa","219479","path:hsa04740","Olfactory transduction","OR8U3"
"103","hsa","219482","path:hsa04740","Olfactory transduction","OR5M3"
"104","hsa","219484","path:hsa04740","Olfactory transduction","OR5M8"
"105","hsa","219487","path:hsa04740","Olfactory transduction","OR5M11"
"106","hsa","219493","path:hsa04740","Olfactory transduction","OR5AR1"
"107","hsa","219858","path:hsa04740","Olfactory transduction","OR8B12"
"108","hsa","219865","path:hsa04740","Olfactory transduction","OR8G5"
"109","hsa","219869","path:hsa04740","Olfactory transduction","OR10G8"
"110","hsa","219870","path:hsa04740","Olfactory transduction","OR10G9"
"111","hsa","219873","path:hsa04740","Olfactory transduction","OR10S1"
"112","hsa","219874","path:hsa04740","Olfactory transduction","OR6T1"
"113","hsa","219875","path:hsa04740","Olfactory transduction","OR4D5"
"114","hsa","219952","path:hsa04740","Olfactory transduction","OR6Q1"
"115","hsa","219954","path:hsa04740","Olfactory transduction","OR9I1"
"116","hsa","219956","path:hsa04740","Olfactory transduction","OR9Q1"
"117","hsa","219957","path:hsa04740","Olfactory transduction","OR9Q2"
"118","hsa","219958","path:hsa04740","Olfactory transduction","OR1S2"
"119","hsa","219959","path:hsa04740","Olfactory transduction","OR1S1"
"120","hsa","219960","path:hsa04740","Olfactory transduction","OR10Q1"
"121","hsa","219965","path:hsa04740","Olfactory transduction","OR5B17"
"122","hsa","219968","path:hsa04740","Olfactory transduction","OR5B21"
"123","hsa","219981","path:hsa04740","Olfactory transduction","OR5A2"
"124","hsa","219982","path:hsa04740","Olfactory transduction","OR5A1"
"125","hsa","219983","path:hsa04740","Olfactory transduction","OR4D6"
"126","hsa","219986","path:hsa04740","Olfactory transduction","OR4D11"
"127","hsa","23538","path:hsa04740","Olfactory transduction","OR52A1"
"128","hsa","254783","path:hsa04740","Olfactory transduction","OR6C74"
"129","hsa","254786","path:hsa04740","Olfactory transduction","OR6C3"
"130","hsa","254879","path:hsa04740","Olfactory transduction","OR2T6"
"131","hsa","254973","path:hsa04740","Olfactory transduction","OR1L4"
"132","hsa","255725","path:hsa04740","Olfactory transduction","OR52B2"
"133","hsa","256144","path:hsa04740","Olfactory transduction","OR4C3"
"134","hsa","256148","path:hsa04740","Olfactory transduction","OR4S1"
"135","hsa","256892","path:hsa04740","Olfactory transduction","OR51F1"
"136","hsa","26188","path:hsa04740","Olfactory transduction","OR1C1"
"137","hsa","26189","path:hsa04740","Olfactory transduction","OR1A2"
"138","hsa","26211","path:hsa04740","Olfactory transduction","OR2F1"
"139","hsa","26212","path:hsa04740","Olfactory transduction","OR2B6"
"140","hsa","26219","path:hsa04740","Olfactory transduction","OR1J4"
"141","hsa","26245","path:hsa04740","Olfactory transduction","OR2M4"
"142","hsa","26246","path:hsa04740","Olfactory transduction","OR2L2"
"143","hsa","26248","path:hsa04740","Olfactory transduction","OR2K2"
"144","hsa","26333","path:hsa04740","Olfactory transduction","OR7A17"
"145","hsa","26338","path:hsa04740","Olfactory transduction","OR5L2"
"146","hsa","26339","path:hsa04740","Olfactory transduction","OR5K1"
"147","hsa","26341","path:hsa04740","Olfactory transduction","OR5H1"
"148","hsa","26476","path:hsa04740","Olfactory transduction","OR10J1"
"149","hsa","26493","path:hsa04740","Olfactory transduction","OR8B8"
"150","hsa","26494","path:hsa04740","Olfactory transduction","OR8G1"
"151","hsa","26496","path:hsa04740","Olfactory transduction","OR10A3"
"152","hsa","26497","path:hsa04740","Olfactory transduction","OR10D3"
"153","hsa","26529","path:hsa04740","Olfactory transduction","OR12D2"
"154","hsa","26530","path:hsa04740","Olfactory transduction","OR12D1"
"155","hsa","26531","path:hsa04740","Olfactory transduction","OR11A1"
"156","hsa","26532","path:hsa04740","Olfactory transduction","OR10H3"
"157","hsa","26533","path:hsa04740","Olfactory transduction","OR10G3"
"158","hsa","26534","path:hsa04740","Olfactory transduction","OR10G2"
"159","hsa","26538","path:hsa04740","Olfactory transduction","OR10H2"
"160","hsa","26539","path:hsa04740","Olfactory transduction","OR10H1"
"161","hsa","26595","path:hsa04740","Olfactory transduction","OR8B2"
"162","hsa","26648","path:hsa04740","Olfactory transduction","OR7E24"
"163","hsa","26658","path:hsa04740","Olfactory transduction","OR7C2"
"164","hsa","26659","path:hsa04740","Olfactory transduction","OR7A5"
"165","hsa","26664","path:hsa04740","Olfactory transduction","OR7C1"
"166","hsa","26683","path:hsa04740","Olfactory transduction","OR4F3"
"167","hsa","26686","path:hsa04740","Olfactory transduction","OR4E2"
"168","hsa","26687","path:hsa04740","Olfactory transduction","OR4E1"
"169","hsa","26689","path:hsa04740","Olfactory transduction","OR4D1"
"170","hsa","26692","path:hsa04740","Olfactory transduction","OR2W1"
"171","hsa","26693","path:hsa04740","Olfactory transduction","OR2V1"
"172","hsa","26696","path:hsa04740","Olfactory transduction","OR2T1"
"173","hsa","26707","path:hsa04740","Olfactory transduction","OR2J2"
"174","hsa","26716","path:hsa04740","Olfactory transduction","OR2H1"
"175","hsa","26735","path:hsa04740","Olfactory transduction","OR1L3"
"176","hsa","26737","path:hsa04740","Olfactory transduction","OR1L1"
"177","hsa","26740","path:hsa04740","Olfactory transduction","OR1J2"
"178","hsa","2774","path:hsa04740","Olfactory transduction","GNAL"
"179","hsa","2782","path:hsa04740","Olfactory transduction","GNB1"
"180","hsa","2788","path:hsa04740","Olfactory transduction","GNG7"
"181","hsa","282763","path:hsa04740","Olfactory transduction","OR51B5"
"182","hsa","282770","path:hsa04740","Olfactory transduction","OR10AG1"
"183","hsa","282775","path:hsa04740","Olfactory transduction","OR5J2"
"184","hsa","283092","path:hsa04740","Olfactory transduction","OR4C13"
"185","hsa","283093","path:hsa04740","Olfactory transduction","OR4C12"
"186","hsa","283111","path:hsa04740","Olfactory transduction","OR51V1"
"187","hsa","283159","path:hsa04740","Olfactory transduction","OR8D1"
"188","hsa","283160","path:hsa04740","Olfactory transduction","OR8D2"
"189","hsa","283162","path:hsa04740","Olfactory transduction","OR8B4"
"190","hsa","283189","path:hsa04740","Olfactory transduction","OR9G4"
"191","hsa","283297","path:hsa04740","Olfactory transduction","OR10A4"
"192","hsa","283365","path:hsa04740","Olfactory transduction","OR6C6"
"193","hsa","283617","path:hsa04740","Olfactory transduction","OR4K3"
"194","hsa","283694","path:hsa04740","Olfactory transduction","OR4N4"
"195","hsa","284383","path:hsa04740","Olfactory transduction","OR2Z1"
"196","hsa","284433","path:hsa04740","Olfactory transduction","OR10H5"
"197","hsa","284521","path:hsa04740","Olfactory transduction","OR2L13"
"198","hsa","284532","path:hsa04740","Olfactory transduction","OR14A16"
"199","hsa","285659","path:hsa04740","Olfactory transduction","OR2V2"
"200","hsa","286362","path:hsa04740","Olfactory transduction","OR13C9"
"201","hsa","286365","path:hsa04740","Olfactory transduction","OR13D1"
"202","hsa","3000","path:hsa04740","Olfactory transduction","GUCY2D"
"203","hsa","338662","path:hsa04740","Olfactory transduction","OR8D4"
"204","hsa","338674","path:hsa04740","Olfactory transduction","OR5F1"
"205","hsa","338675","path:hsa04740","Olfactory transduction","OR5AP2"
"206","hsa","338751","path:hsa04740","Olfactory transduction","OR52L1"
"207","hsa","338755","path:hsa04740","Olfactory transduction","OR2AG2"
"208","hsa","340980","path:hsa04740","Olfactory transduction","OR52B6"
"209","hsa","341152","path:hsa04740","Olfactory transduction","OR2AT4"
"210","hsa","341276","path:hsa04740","Olfactory transduction","OR10A2"
"211","hsa","341416","path:hsa04740","Olfactory transduction","OR6C2"
"212","hsa","341418","path:hsa04740","Olfactory transduction","OR6C4"
"213","hsa","341568","path:hsa04740","Olfactory transduction","OR8S1"
"214","hsa","341799","path:hsa04740","Olfactory transduction","OR6S1"
"215","hsa","343169","path:hsa04740","Olfactory transduction","OR6F1"
"216","hsa","343170","path:hsa04740","Olfactory transduction","OR14K1"
"217","hsa","343171","path:hsa04740","Olfactory transduction","OR2W3"
"218","hsa","343172","path:hsa04740","Olfactory transduction","OR2T8"
"219","hsa","343173","path:hsa04740","Olfactory transduction","OR2T3"
"220","hsa","343406","path:hsa04740","Olfactory transduction","OR10R2"
"221","hsa","343563","path:hsa04740","Olfactory transduction","OR2T29"
"222","hsa","346517","path:hsa04740","Olfactory transduction","OR6V1"
"223","hsa","346525","path:hsa04740","Olfactory transduction","OR2A12"
"224","hsa","346528","path:hsa04740","Olfactory transduction","OR2A1"
"225","hsa","347168","path:hsa04740","Olfactory transduction","OR1J1"
"226","hsa","347169","path:hsa04740","Olfactory transduction","OR1B1"
"227","hsa","347468","path:hsa04740","Olfactory transduction","OR13H1"
"228","hsa","387748","path:hsa04740","Olfactory transduction","OR56B1"
"229","hsa","388761","path:hsa04740","Olfactory transduction","OR14A2"
"230","hsa","389090","path:hsa04740","Olfactory transduction","OR6B2"
"231","hsa","390036","path:hsa04740","Olfactory transduction","OR52K1"
"232","hsa","390037","path:hsa04740","Olfactory transduction","OR52I1"
"233","hsa","390038","path:hsa04740","Olfactory transduction","OR51D1"
"234","hsa","390054","path:hsa04740","Olfactory transduction","OR52A5"
"235","hsa","390058","path:hsa04740","Olfactory transduction","OR51B6"
"236","hsa","390059","path:hsa04740","Olfactory transduction","OR51M1"
"237","hsa","390061","path:hsa04740","Olfactory transduction","OR51Q1"
"238","hsa","390063","path:hsa04740","Olfactory transduction","OR51I1"
"239","hsa","390064","path:hsa04740","Olfactory transduction","OR51I2"
"240","hsa","390066","path:hsa04740","Olfactory transduction","OR52D1"
"241","hsa","390067","path:hsa04740","Olfactory transduction","OR52H1"
"242","hsa","390072","path:hsa04740","Olfactory transduction","OR52N4"
"243","hsa","390075","path:hsa04740","Olfactory transduction","OR52N5"
"244","hsa","390077","path:hsa04740","Olfactory transduction","OR52N2"
"245","hsa","390078","path:hsa04740","Olfactory transduction","OR52E6"
"246","hsa","390079","path:hsa04740","Olfactory transduction","OR52E8"
"247","hsa","390081","path:hsa04740","Olfactory transduction","OR52E4"
"248","hsa","390082","path:hsa04740","Olfactory transduction","OR52E5"
"249","hsa","390083","path:hsa04740","Olfactory transduction","OR56A3"
"250","hsa","390084","path:hsa04740","Olfactory transduction","OR56A5"
"251","hsa","390093","path:hsa04740","Olfactory transduction","OR10A6"
"252","hsa","390113","path:hsa04740","Olfactory transduction","OR4X1"
"253","hsa","390142","path:hsa04740","Olfactory transduction","OR5D13"
"254","hsa","390144","path:hsa04740","Olfactory transduction","OR5D16"
"255","hsa","390148","path:hsa04740","Olfactory transduction","OR5W2"
"256","hsa","390151","path:hsa04740","Olfactory transduction","OR8H2"
"257","hsa","390152","path:hsa04740","Olfactory transduction","OR8H3"
"258","hsa","390154","path:hsa04740","Olfactory transduction","OR5T3"
"259","hsa","390155","path:hsa04740","Olfactory transduction","OR5T1"
"260","hsa","390157","path:hsa04740","Olfactory transduction","OR8K1"
"261","hsa","390162","path:hsa04740","Olfactory transduction","OR5M9"
"262","hsa","390167","path:hsa04740","Olfactory transduction","OR5M10"
"263","hsa","390168","path:hsa04740","Olfactory transduction","OR5M1"
"264","hsa","390174","path:hsa04740","Olfactory transduction","OR9G1"
"265","hsa","390181","path:hsa04740","Olfactory transduction","OR5AK2"
"266","hsa","390190","path:hsa04740","Olfactory transduction","OR5B2"
"267","hsa","390191","path:hsa04740","Olfactory transduction","OR5B12"
"268","hsa","390195","path:hsa04740","Olfactory transduction","OR5AN1"
"269","hsa","390197","path:hsa04740","Olfactory transduction","OR4D10"
"270","hsa","390199","path:hsa04740","Olfactory transduction","OR4D9"
"271","hsa","390201","path:hsa04740","Olfactory transduction","OR10V1"
"272","hsa","390260","path:hsa04740","Olfactory transduction","OR6X1"
"273","hsa","390261","path:hsa04740","Olfactory transduction","OR6M1"
"274","hsa","390264","path:hsa04740","Olfactory transduction","OR10G4"
"275","hsa","390265","path:hsa04740","Olfactory transduction","OR10G7"
"276","hsa","390271","path:hsa04740","Olfactory transduction","OR8B3"
"277","hsa","390275","path:hsa04740","Olfactory transduction","OR8A1"
"278","hsa","390321","path:hsa04740","Olfactory transduction","OR6C1"
"279","hsa","390323","path:hsa04740","Olfactory transduction","OR6C75"
"280","hsa","390326","path:hsa04740","Olfactory transduction","OR6C76"
"281","hsa","390327","path:hsa04740","Olfactory transduction","OR6C70"
"282","hsa","390429","path:hsa04740","Olfactory transduction","OR4N2"
"283","hsa","390431","path:hsa04740","Olfactory transduction","OR4K2"
"284","hsa","390432","path:hsa04740","Olfactory transduction","OR4Q2"
"285","hsa","390433","path:hsa04740","Olfactory transduction","OR4K13"
"286","hsa","390436","path:hsa04740","Olfactory transduction","OR4K17"
"287","hsa","390437","path:hsa04740","Olfactory transduction","OR4N5"
"288","hsa","390439","path:hsa04740","Olfactory transduction","OR11G2"
"289","hsa","390441","path:hsa04740","Olfactory transduction","OR11H7"
"290","hsa","390442","path:hsa04740","Olfactory transduction","OR11H4"
"291","hsa","390445","path:hsa04740","Olfactory transduction","OR5AU1"
"292","hsa","390538","path:hsa04740","Olfactory transduction","OR4M2"
"293","hsa","390648","path:hsa04740","Olfactory transduction","OR4F6"
"294","hsa","390649","path:hsa04740","Olfactory transduction","OR4F15"
"295","hsa","390882","path:hsa04740","Olfactory transduction","OR7G2"
"296","hsa","390883","path:hsa04740","Olfactory transduction","OR7G3"
"297","hsa","390892","path:hsa04740","Olfactory transduction","OR7A10"
"298","hsa","391107","path:hsa04740","Olfactory transduction","OR10K2"
"299","hsa","391109","path:hsa04740","Olfactory transduction","OR10K1"
"300","hsa","391112","path:hsa04740","Olfactory transduction","OR6Y1"
"301","hsa","391114","path:hsa04740","Olfactory transduction","OR6K3"
"302","hsa","391121","path:hsa04740","Olfactory transduction","OR10J4"
"303","hsa","391189","path:hsa04740","Olfactory transduction","OR11L1"
"304","hsa","391190","path:hsa04740","Olfactory transduction","OR2L8"
"305","hsa","391191","path:hsa04740","Olfactory transduction","OR2AK2"
"306","hsa","391192","path:hsa04740","Olfactory transduction","OR2L3"
"307","hsa","391194","path:hsa04740","Olfactory transduction","OR2M2"
"308","hsa","391195","path:hsa04740","Olfactory transduction","OR2T33"
"309","hsa","391196","path:hsa04740","Olfactory transduction","OR2M7"
"310","hsa","391211","path:hsa04740","Olfactory transduction","OR2G6"
"311","hsa","392133","path:hsa04740","Olfactory transduction","OR10AC1"
"312","hsa","392138","path:hsa04740","Olfactory transduction","OR2A25"
"313","hsa","392309","path:hsa04740","Olfactory transduction","OR13J1"
"314","hsa","392376","path:hsa04740","Olfactory transduction","OR13C2"
"315","hsa","392390","path:hsa04740","Olfactory transduction","OR1L6"
"316","hsa","392391","path:hsa04740","Olfactory transduction","OR5C1"
"317","hsa","392392","path:hsa04740","Olfactory transduction","OR1K1"
"318","hsa","393046","path:hsa04740","Olfactory transduction","OR2A5"
"319","hsa","401427","path:hsa04740","Olfactory transduction","OR2A7"
"320","hsa","401665","path:hsa04740","Olfactory transduction","OR51T1"
"321","hsa","401666","path:hsa04740","Olfactory transduction","OR51A4"
"322","hsa","401667","path:hsa04740","Olfactory transduction","OR51A2"
"323","hsa","401992","path:hsa04740","Olfactory transduction","OR2T2"
"324","hsa","401993","path:hsa04740","Olfactory transduction","OR2T5"
"325","hsa","401994","path:hsa04740","Olfactory transduction","OR14I1"
"326","hsa","402135","path:hsa04740","Olfactory transduction","OR5K2"
"327","hsa","402317","path:hsa04740","Olfactory transduction","OR2A42"
"328","hsa","403239","path:hsa04740","Olfactory transduction","OR2T27"
"329","hsa","403244","path:hsa04740","Olfactory transduction","OR2T35"
"330","hsa","403253","path:hsa04740","Olfactory transduction","OR4A47"
"331","hsa","403257","path:hsa04740","Olfactory transduction","OR4C45"
"332","hsa","403273","path:hsa04740","Olfactory transduction","OR5H14"
"333","hsa","403274","path:hsa04740","Olfactory transduction","OR5H15"
"334","hsa","403277","path:hsa04740","Olfactory transduction","OR5K3"
"335","hsa","403278","path:hsa04740","Olfactory transduction","OR5K4"
"336","hsa","403282","path:hsa04740","Olfactory transduction","OR6C65"
"337","hsa","403284","path:hsa04740","Olfactory transduction","OR6C68"
"338","hsa","408","path:hsa04740","Olfactory transduction","ARRB1"
"339","hsa","409","path:hsa04740","Olfactory transduction","ARRB2"
"340","hsa","440153","path:hsa04740","Olfactory transduction","OR11H12"
"341","hsa","441308","path:hsa04740","Olfactory transduction","OR4F21"
"342","hsa","441608","path:hsa04740","Olfactory transduction","OR5B3"
"343","hsa","441639","path:hsa04740","Olfactory transduction","OR9K2"
"344","hsa","441669","path:hsa04740","Olfactory transduction","OR4Q3"
"345","hsa","441670","path:hsa04740","Olfactory transduction","OR4M1"
"346","hsa","441933","path:hsa04740","Olfactory transduction","OR13G1"
"347","hsa","442184","path:hsa04740","Olfactory transduction","OR2B3"
"348","hsa","442185","path:hsa04740","Olfactory transduction","OR2J1"
"349","hsa","442186","path:hsa04740","Olfactory transduction","OR2J3"
"350","hsa","442191","path:hsa04740","Olfactory transduction","OR14J1"
"351","hsa","442194","path:hsa04740","Olfactory transduction","OR10C1"
"352","hsa","442361","path:hsa04740","Olfactory transduction","OR2A2"
"353","hsa","4991","path:hsa04740","Olfactory transduction","OR1D2"
"354","hsa","4992","path:hsa04740","Olfactory transduction","OR1F1"
"355","hsa","4993","path:hsa04740","Olfactory transduction","OR2C1"
"356","hsa","4994","path:hsa04740","Olfactory transduction","OR3A1"
"357","hsa","4995","path:hsa04740","Olfactory transduction","OR3A2"
"358","hsa","504189","path:hsa04740","Olfactory transduction","OR8U8"
"359","hsa","504190","path:hsa04740","Olfactory transduction","OR8U9"
"360","hsa","504191","path:hsa04740","Olfactory transduction","OR9G9"
"361","hsa","5136","path:hsa04740","Olfactory transduction","PDE1A"
"362","hsa","5137","path:hsa04740","Olfactory transduction","PDE1C"
"363","hsa","5138","path:hsa04740","Olfactory transduction","PDE2A"
"364","hsa","5153","path:hsa04740","Olfactory transduction","PDE1B"
"365","hsa","51764","path:hsa04740","Olfactory transduction","GNG13"
"366","hsa","51806","path:hsa04740","Olfactory transduction","CALML5"
"367","hsa","5566","path:hsa04740","Olfactory transduction","PRKACA"
"368","hsa","5567","path:hsa04740","Olfactory transduction","PRKACB"
"369","hsa","5568","path:hsa04740","Olfactory transduction","PRKACG"
"370","hsa","5592","path:hsa04740","Olfactory transduction","PRKG1"
"371","hsa","5593","path:hsa04740","Olfactory transduction","PRKG2"
"372","hsa","56656","path:hsa04740","Olfactory transduction","OR2S2"
"373","hsa","57101","path:hsa04740","Olfactory transduction","ANO2"
"374","hsa","5997","path:hsa04740","Olfactory transduction","RGS2"
"375","hsa","653166","path:hsa04740","Olfactory transduction","OR1D4"
"376","hsa","6543","path:hsa04740","Olfactory transduction","SLC8A2"
"377","hsa","6546","path:hsa04740","Olfactory transduction","SLC8A1"
"378","hsa","6547","path:hsa04740","Olfactory transduction","SLC8A3"
"379","hsa","729759","path:hsa04740","Olfactory transduction","OR4F29"
"380","hsa","79290","path:hsa04740","Olfactory transduction","OR13A1"
"381","hsa","79295","path:hsa04740","Olfactory transduction","OR5H6"
"382","hsa","79296","path:hsa04740","Olfactory transduction","OR52E1"
"383","hsa","79310","path:hsa04740","Olfactory transduction","OR5H2"
"384","hsa","79317","path:hsa04740","Olfactory transduction","OR4K5"
"385","hsa","7932","path:hsa04740","Olfactory transduction","OR2H2"
"386","hsa","79324","path:hsa04740","Olfactory transduction","OR51G1"
"387","hsa","79334","path:hsa04740","Olfactory transduction","OR11H2"
"388","hsa","79339","path:hsa04740","Olfactory transduction","OR51B4"
"389","hsa","79345","path:hsa04740","Olfactory transduction","OR51B2"
"390","hsa","79346","path:hsa04740","Olfactory transduction","OR4C5"
"391","hsa","79473","path:hsa04740","Olfactory transduction","OR52N1"
"392","hsa","79482","path:hsa04740","Olfactory transduction","OR5AL1"
"393","hsa","79490","path:hsa04740","Olfactory transduction","OR10G6"
"394","hsa","79501","path:hsa04740","Olfactory transduction","OR4F5"
"395","hsa","79541","path:hsa04740","Olfactory transduction","OR2A4"
"396","hsa","79544","path:hsa04740","Olfactory transduction","OR4K1"
"397","hsa","79549","path:hsa04740","Olfactory transduction","OR6J1"
"398","hsa","801","path:hsa04740","Olfactory transduction","CALM1"
"399","hsa","805","path:hsa04740","Olfactory transduction","CALM2"
"400","hsa","808","path:hsa04740","Olfactory transduction","CALM3"
"401","hsa","810","path:hsa04740","Olfactory transduction","CALML3"
"402","hsa","81050","path:hsa04740","Olfactory transduction","OR5AC2"
"403","hsa","81061","path:hsa04740","Olfactory transduction","OR11H1"
"404","hsa","81099","path:hsa04740","Olfactory transduction","OR4F17"
"405","hsa","81127","path:hsa04740","Olfactory transduction","OR4K15"
"406","hsa","81168","path:hsa04740","Olfactory transduction","OR8J3"
"407","hsa","81282","path:hsa04740","Olfactory transduction","OR51G2"
"408","hsa","81285","path:hsa04740","Olfactory transduction","OR51E2"
"409","hsa","81300","path:hsa04740","Olfactory transduction","OR4P4"
"410","hsa","81309","path:hsa04740","Olfactory transduction","OR4C15"
"411","hsa","81318","path:hsa04740","Olfactory transduction","OR4A5"
"412","hsa","81327","path:hsa04740","Olfactory transduction","OR4A16"
"413","hsa","81328","path:hsa04740","Olfactory transduction","OR4A15"
"414","hsa","81341","path:hsa04740","Olfactory transduction","OR10W1"
"415","hsa","81392","path:hsa04740","Olfactory transduction","OR2AE1"
"416","hsa","81399","path:hsa04740","Olfactory transduction","OR4F16"
"417","hsa","81442","path:hsa04740","Olfactory transduction","OR6N2"
"418","hsa","81448","path:hsa04740","Olfactory transduction","OR6K2"
"419","hsa","81458","path:hsa04740","Olfactory transduction","OR2T7"
"420","hsa","81466","path:hsa04740","Olfactory transduction","OR2L5"
"421","hsa","81469","path:hsa04740","Olfactory transduction","OR2G3"
"422","hsa","81470","path:hsa04740","Olfactory transduction","OR2G2"
"423","hsa","81472","path:hsa04740","Olfactory transduction","OR2C3"
"424","hsa","815","path:hsa04740","Olfactory transduction","CAMK2A"
"425","hsa","816","path:hsa04740","Olfactory transduction","CAMK2B"
"426","hsa","81696","path:hsa04740","Olfactory transduction","OR5V1"
"427","hsa","81697","path:hsa04740","Olfactory transduction","OR2B2"
"428","hsa","817","path:hsa04740","Olfactory transduction","CAMK2D"
"429","hsa","81797","path:hsa04740","Olfactory transduction","OR12D3"
"430","hsa","818","path:hsa04740","Olfactory transduction","CAMK2G"
"431","hsa","8383","path:hsa04740","Olfactory transduction","OR1A1"
"432","hsa","8386","path:hsa04740","Olfactory transduction","OR1D5"
"433","hsa","8387","path:hsa04740","Olfactory transduction","OR1E1"
"434","hsa","8388","path:hsa04740","Olfactory transduction","OR1E2"
"435","hsa","8390","path:hsa04740","Olfactory transduction","OR1G1"
"436","hsa","8392","path:hsa04740","Olfactory transduction","OR3A3"
"437","hsa","83988","path:hsa04740","Olfactory transduction","NCALD"
"438","hsa","8590","path:hsa04740","Olfactory transduction","OR6A2"
"439","hsa","91860","path:hsa04740","Olfactory transduction","CALML4"
"440","hsa","10021","path:hsa04742","Taste transduction","HCN4"
"441","hsa","112","path:hsa04742","Taste transduction","ADCY6"
"442","hsa","1131","path:hsa04742","Taste transduction","CHRM3"
"443","hsa","114","path:hsa04742","Taste transduction","ADCY8"
"444","hsa","170572","path:hsa04742","Taste transduction","HTR3C"
"445","hsa","196883","path:hsa04742","Taste transduction","ADCY4"
"446","hsa","200909","path:hsa04742","Taste transduction","HTR3D"
"447","hsa","22953","path:hsa04742","Taste transduction","P2RX2"
"448","hsa","23236","path:hsa04742","Taste transduction","PLCB1"
"449","hsa","2550","path:hsa04742","Taste transduction","GABBR1"
"450","hsa","255022","path:hsa04742","Taste transduction","CALHM1"
"451","hsa","2554","path:hsa04742","Taste transduction","GABRA1"
"452","hsa","2555","path:hsa04742","Taste transduction","GABRA2"
"453","hsa","2556","path:hsa04742","Taste transduction","GABRA3"
"454","hsa","2557","path:hsa04742","Taste transduction","GABRA4"
"455","hsa","2558","path:hsa04742","Taste transduction","GABRA5"
"456","hsa","2559","path:hsa04742","Taste transduction","GABRA6"
"457","hsa","259285","path:hsa04742","Taste transduction","TAS2R39"
"458","hsa","259286","path:hsa04742","Taste transduction","TAS2R40"
"459","hsa","259287","path:hsa04742","Taste transduction","TAS2R41"
"460","hsa","259289","path:hsa04742","Taste transduction","TAS2R43"
"461","hsa","259290","path:hsa04742","Taste transduction","TAS2R31"
"462","hsa","259291","path:hsa04742","Taste transduction","TAS2R45"
"463","hsa","259292","path:hsa04742","Taste transduction","TAS2R46"
"464","hsa","259293","path:hsa04742","Taste transduction","TAS2R30"
"465","hsa","259294","path:hsa04742","Taste transduction","TAS2R19"
"466","hsa","259295","path:hsa04742","Taste transduction","TAS2R20"
"467","hsa","259296","path:hsa04742","Taste transduction","TAS2R50"
"468","hsa","2784","path:hsa04742","Taste transduction","GNB3"
"469","hsa","285242","path:hsa04742","Taste transduction","HTR3E"
"470","hsa","2911","path:hsa04742","Taste transduction","GRM1"
"471","hsa","2914","path:hsa04742","Taste transduction","GRM4"
"472","hsa","29850","path:hsa04742","Taste transduction","TRPM5"
"473","hsa","3350","path:hsa04742","Taste transduction","HTR1A"
"474","hsa","3351","path:hsa04742","Taste transduction","HTR1B"
"475","hsa","3352","path:hsa04742","Taste transduction","HTR1D"
"476","hsa","3354","path:hsa04742","Taste transduction","HTR1E"
"477","hsa","3355","path:hsa04742","Taste transduction","HTR1F"
"478","hsa","3359","path:hsa04742","Taste transduction","HTR3A"
"479","hsa","338398","path:hsa04742","Taste transduction","TAS2R60"
"480","hsa","342372","path:hsa04742","Taste transduction","PKD1L3"
"481","hsa","346562","path:hsa04742","Taste transduction","GNAT3"
"482","hsa","353164","path:hsa04742","Taste transduction","TAS2R42"
"483","hsa","3710","path:hsa04742","Taste transduction","ITPR3"
"484","hsa","40","path:hsa04742","Taste transduction","ASIC2"
"485","hsa","5024","path:hsa04742","Taste transduction","P2RX3"
"486","hsa","5028","path:hsa04742","Taste transduction","P2RY1"
"487","hsa","5030","path:hsa04742","Taste transduction","P2RY4"
"488","hsa","50831","path:hsa04742","Taste transduction","TAS2R3"
"489","hsa","50832","path:hsa04742","Taste transduction","TAS2R4"
"490","hsa","50833","path:hsa04742","Taste transduction","TAS2R16"
"491","hsa","50834","path:hsa04742","Taste transduction","TAS2R1"
"492","hsa","50835","path:hsa04742","Taste transduction","TAS2R9"
"493","hsa","50836","path:hsa04742","Taste transduction","TAS2R8"
"494","hsa","50837","path:hsa04742","Taste transduction","TAS2R7"
"495","hsa","50838","path:hsa04742","Taste transduction","TAS2R13"
"496","hsa","50839","path:hsa04742","Taste transduction","TAS2R10"
"497","hsa","50840","path:hsa04742","Taste transduction","TAS2R14"
"498","hsa","5136","path:hsa04742","Taste transduction","PDE1A"
"499","hsa","5137","path:hsa04742","Taste transduction","PDE1C"
"500","hsa","5153","path:hsa04742","Taste transduction","PDE1B"
"501","hsa","51764","path:hsa04742","Taste transduction","GNG13"
"502","hsa","5330","path:hsa04742","Taste transduction","PLCB2"
"503","hsa","5331","path:hsa04742","Taste transduction","PLCB3"
"504","hsa","5332","path:hsa04742","Taste transduction","PLCB4"
"505","hsa","54429","path:hsa04742","Taste transduction","TAS2R5"
"506","hsa","5566","path:hsa04742","Taste transduction","PRKACA"
"507","hsa","5567","path:hsa04742","Taste transduction","PRKACB"
"508","hsa","5568","path:hsa04742","Taste transduction","PRKACG"
"509","hsa","5726","path:hsa04742","Taste transduction","TAS2R38"
"510","hsa","6326","path:hsa04742","Taste transduction","SCN2A"
"511","hsa","6328","path:hsa04742","Taste transduction","SCN3A"
"512","hsa","6335","path:hsa04742","Taste transduction","SCN9A"
"513","hsa","6337","path:hsa04742","Taste transduction","SCNN1A"
"514","hsa","6338","path:hsa04742","Taste transduction","SCNN1B"
"515","hsa","6340","path:hsa04742","Taste transduction","SCNN1G"
"516","hsa","773","path:hsa04742","Taste transduction","CACNA1A"
"517","hsa","775","path:hsa04742","Taste transduction","CACNA1C"
"518","hsa","80834","path:hsa04742","Taste transduction","TAS1R2"
"519","hsa","80835","path:hsa04742","Taste transduction","TAS1R1"
"520","hsa","83756","path:hsa04742","Taste transduction","TAS1R3"
"521","hsa","8645","path:hsa04742","Taste transduction","KCNK5"
"522","hsa","9033","path:hsa04742","Taste transduction","PKD2L1"
"523","hsa","9177","path:hsa04742","Taste transduction","HTR3B"
"524","hsa","954","path:hsa04742","Taste transduction","ENTPD2"
"525","hsa","9568","path:hsa04742","Taste transduction","GABBR2"
"526","hsa","118142757","path:hsa04744","Phototransduction","GUCA1ANB-GUCA1A"
"527","hsa","1258","path:hsa04744","Phototransduction","CNGB1"
"528","hsa","1259","path:hsa04744","Phototransduction","CNGA1"
"529","hsa","131890","path:hsa04744","Phototransduction","GRK7"
"530","hsa","163688","path:hsa04744","Phototransduction","CALML6"
"531","hsa","2779","path:hsa04744","Phototransduction","GNAT1"
"532","hsa","2780","path:hsa04744","Phototransduction","GNAT2"
"533","hsa","2782","path:hsa04744","Phototransduction","GNB1"
"534","hsa","2792","path:hsa04744","Phototransduction","GNGT1"
"535","hsa","2978","path:hsa04744","Phototransduction","GUCA1A"
"536","hsa","2979","path:hsa04744","Phototransduction","GUCA1B"
"537","hsa","2986","path:hsa04744","Phototransduction","GUCY2F"
"538","hsa","3000","path:hsa04744","Phototransduction","GUCY2D"
"539","hsa","5145","path:hsa04744","Phototransduction","PDE6A"
"540","hsa","5148","path:hsa04744","Phototransduction","PDE6G"
"541","hsa","5158","path:hsa04744","Phototransduction","PDE6B"
"542","hsa","51806","path:hsa04744","Phototransduction","CALML5"
"543","hsa","5957","path:hsa04744","Phototransduction","RCVRN"
"544","hsa","6010","path:hsa04744","Phototransduction","RHO"
"545","hsa","6011","path:hsa04744","Phototransduction","GRK1"
"546","hsa","6295","path:hsa04744","Phototransduction","SAG"
"547","hsa","801","path:hsa04744","Phototransduction","CALM1"
"548","hsa","805","path:hsa04744","Phototransduction","CALM2"
"549","hsa","808","path:hsa04744","Phototransduction","CALM3"
"550","hsa","810","path:hsa04744","Phototransduction","CALML3"
"551","hsa","8787","path:hsa04744","Phototransduction","RGS9"
"552","hsa","91860","path:hsa04744","Phototransduction","CALML4"
"553","hsa","9187","path:hsa04744","Phototransduction","SLC24A1"
"554","hsa","9626","path:hsa04744","Phototransduction","GUCA1C"
